proyecto_id,empleado_id,metadata_extraccion
1,59,0
1,27,0
1,32,0
2,8,0
2,50,0
2,98,0
2,13,0
3,80,0
3,77,0
3,66,0
3,73,0
3,6,0
3,37,0
3,98,0
3,27,0
3,69,0
3,89,0
3,12,0
4,2,0
4,51,0
4,28,0
4,14,0
4,1,0
4,41,0
4,77,0
4,81,0
4,95,0
4,99,0
4,46,0
4,4,0
4,60,0
4,52,0
5,1,0
5,86,0
5,34,0
5,66,0
5,55,0
5,65,0
5,60,0
5,15,0
5,85,0
6,8,0
6,62,0
6,31,0
6,29,0
7,14,0
7,8,0
7,77,0
7,24,0
7,7,0
7,6,0
8,15,0
8,36,0
8,78,0
9,78,0
9,18,0
9,15,0
9,88,0
9,49,0
9,72,0
9,45,0
9,3,0
10,66,0
10,78,0
10,36,0
10,60,0
11,79,0
11,67,0
11,83,0
12,50,0
12,33,0
12,51,0
13,81,0
13,54,0
13,82,0
13,15,0
13,2,0
13,79,0
13,55,0
13,5,0
14,30,0
14,67,0
14,94,0
15,100,0
15,98,0
15,19,0
15,88,0
16,71,0
16,81,0
16,91,0
17,31,0
17,48,0
17,28,0
17,59,0
18,87,0
18,64,0
18,18,0
19,5,0
19,43,0
19,79,0
20,82,0
20,41,0
20,4,0
21,70,0
21,81,0
21,69,0
21,57,0
21,20,0
21,6,0
21,53,0
22,47,0
22,99,0
22,57,0
22,64,0
22,52,0
22,63,0
23,99,0
23,60,0
23,70,0
23,65,0
24,25,0
24,2,0
24,66,0
24,81,0
25,65,0
25,27,0
25,78,0
25,64,0
25,17,0
26,6,0
26,51,0
26,91,0
26,55,0
27,80,0
27,43,0
27,55,0
28,70,0
28,49,0
28,46,0
29,65,0
29,99,0
29,76,0
30,32,0
30,52,0
30,60,0
30,82,0
30,3,0
30,56,0
31,73,0
31,90,0
31,96,0
32,46,0
32,2,0
32,1,0
32,28,0
32,68,0
32,10,0
32,93,0
32,39,0
32,83,0
32,8,0
33,72,0
33,70,0
33,1,0
33,12,0
33,46,0
34,9,0
34,46,0
34,1,0
35,47,0
35,89,0
35,69,0
36,86,0
36,25,0
36,39,0
36,89,0
36,70,0
36,42,0
37,72,0
37,38,0
37,24,0
37,43,0
37,51,0
37,9,0
37,36,0
37,95,0
38,67,0
38,39,0
38,28,0
39,58,0
39,50,0
39,4,0
39,13,0
40,96,0
40,26,0
40,24,0
40,100,0
40,46,0
40,62,0
40,87,0
40,74,0
40,66,0
40,16,0
40,90,0
40,50,0
40,77,0
40,86,0
40,97,0
41,47,0
41,20,0
41,34,0
42,53,0
42,98,0
42,76,0
42,25,0
42,97,0
42,88,0
43,34,0
43,98,0
43,92,0
43,24,0
43,42,0
43,74,0
44,3,0
44,34,0
44,95,0
44,88,0
44,87,0
44,91,0
44,1,0
44,9,0
44,79,0
44,31,0
44,74,0
44,41,0
44,94,0
44,72,0
44,66,0
45,96,0
45,66,0
45,94,0
45,38,0
45,31,0
45,92,0
45,24,0
46,40,0
46,47,0
46,64,0
46,92,0
46,30,0
46,84,0
46,24,0
46,41,0
46,76,0
46,46,0
46,81,0
46,10,0
47,20,0
47,72,0
47,52,0
48,43,0
48,19,0
48,75,0
48,98,0
48,92,0
48,29,0
49,93,0
49,81,0
49,65,0
50,7,0
50,56,0
50,20,0
51,71,0
51,45,0
51,18,0
51,13,0
51,88,0
51,6,0
52,59,0
52,29,0
52,44,0
52,77,0
52,5,0
52,10,0
52,26,0
52,24,0
53,82,0
53,46,0
53,60,0
54,98,0
54,39,0
54,37,0
54,11,0
54,34,0
54,66,0
54,19,0
54,20,0
54,36,0
54,97,0
55,3,0
55,24,0
55,44,0
55,79,0
55,42,0
55,65,0
55,67,0
56,42,0
56,57,0
56,27,0
57,29,0
57,78,0
57,63,0
57,35,0
57,22,0
57,82,0
57,52,0
57,1,0
58,46,0
58,6,0
58,18,0
59,51,0
59,21,0
59,98,0
59,48,0
59,76,0
59,79,0
59,15,0
59,35,0
59,87,0
59,31,0
59,99,0
59,41,0
60,74,0
60,47,0
60,77,0
60,41,0
60,53,0
61,16,0
61,60,0
61,21,0
61,2,0
61,61,0
61,8,0
61,32,0
61,56,0
61,90,0
62,72,0
62,65,0
62,77,0
62,27,0
62,61,0
62,25,0
62,50,0
62,29,0
63,7,0
63,13,0
63,45,0
64,24,0
64,61,0
64,62,0
64,26,0
64,60,0
64,37,0
64,92,0
64,70,0
65,12,0
65,16,0
65,69,0
65,39,0
65,36,0
65,70,0
65,64,0
66,3,0
66,46,0
66,20,0
67,70,0
67,37,0
67,38,0
67,7,0
67,73,0
68,22,0
68,44,0
68,42,0
68,67,0
68,59,0
69,42,0
69,60,0
69,26,0
69,15,0
69,28,0
69,3,0
69,23,0
69,21,0
69,4,0
69,30,0
70,32,0
70,81,0
70,45,0
71,47,0
71,82,0
71,30,0
71,26,0
71,88,0
71,33,0
71,100,0
71,1,0
72,13,0
72,54,0
72,36,0
72,88,0
73,94,0
73,47,0
73,86,0
73,8,0
74,54,0
74,5,0
74,80,0
74,93,0
74,30,0
74,26,0
74,64,0
74,9,0
74,69,0
74,49,0
75,41,0
75,10,0
75,3,0
75,17,0
75,91,0
75,90,0
75,96,0
75,9,0
75,94,0
76,42,0
76,34,0
76,69,0
76,14,0
76,73,0
76,99,0
77,23,0
77,22,0
77,3,0
77,51,0
77,9,0
77,46,0
78,41,0
78,4,0
78,11,0
78,77,0
78,57,0
78,62,0
79,66,0
79,92,0
79,57,0
79,73,0
79,41,0
79,3,0
79,39,0
80,90,0
80,5,0
80,2,0
80,52,0
80,24,0
80,18,0
81,6,0
81,10,0
81,58,0
81,64,0
81,43,0
81,79,0
81,60,0
81,88,0
81,37,0
81,70,0
81,83,0
81,76,0
81,5,0
81,77,0
82,26,0
82,73,0
82,29,0
83,3,0
83,90,0
83,40,0
83,83,0
83,36,0
83,63,0
84,93,0
84,97,0
84,81,0
84,3,0
84,54,0
85,94,0
85,46,0
85,64,0
86,42,0
86,17,0
86,61,0
86,27,0
86,74,0
86,72,0
86,32,0
86,10,0
86,94,0
86,13,0
86,21,0
86,76,0
87,21,0
87,18,0
87,11,0
87,66,0
87,91,0
87,77,0
87,69,0
87,58,0
87,2,0
87,15,0
87,56,0
87,20,0
88,88,0
88,33,0
88,35,0
89,51,0
89,78,0
89,53,0
89,11,0
89,28,0
89,63,0
90,34,0
90,4,0
90,70,0
91,78,0
91,61,0
91,67,0
91,42,0
91,29,0
91,16,0
92,6,0
92,18,0
92,81,0
93,38,0
93,31,0
93,73,0
93,32,0
94,92,0
94,15,0
94,73,0
94,13,0
94,88,0
94,95,0
94,49,0
94,46,0
94,36,0
94,41,0
94,76,0
95,70,0
95,4,0
95,53,0
96,74,0
96,86,0
96,41,0
96,17,0
97,64,0
97,79,0
97,43,0
97,65,0
98,51,0
98,8,0
98,58,0
98,21,0
98,46,0
98,77,0
98,25,0
98,82,0
98,86,0
99,3,0
99,19,0
99,7,0
99,54,0
99,99,0
99,71,0
99,24,0
99,2,0
99,42,0
99,28,0
99,66,0
100,21,0
100,72,0
100,15,0
100,27,0
100,33,0
100,74,0
100,60,0
101,58,0
101,41,0
101,20,0
101,29,0
101,19,0
101,49,0
101,11,0
101,5,0
102,20,0
102,15,0
102,16,0
103,23,0
103,1,0
103,98,0
103,41,0
103,97,0
103,6,0
103,87,0
103,17,0
103,48,0
103,9,0
104,73,0
104,97,0
104,81,0
105,51,0
105,23,0
105,78,0
106,86,0
106,53,0
106,38,0
106,83,0
107,98,0
107,63,0
107,3,0
108,28,0
108,38,0
108,44,0
109,10,0
109,46,0
109,43,0
110,33,0
110,20,0
110,15,0
111,14,0
111,75,0
111,46,0
111,98,0
112,73,0
112,39,0
112,15,0
113,94,0
113,2,0
113,33,0
113,42,0
113,34,0
113,74,0
113,7,0
113,56,0
113,39,0
113,93,0
114,68,0
114,96,0
114,19,0
114,78,0
114,39,0
114,8,0
115,65,0
115,67,0
115,50,0
115,55,0
116,85,0
116,14,0
116,68,0
117,57,0
117,8,0
117,2,0
117,35,0
117,79,0
117,99,0
117,98,0
117,71,0
117,78,0
117,54,0
118,6,0
118,20,0
118,5,0
118,25,0
118,15,0
118,48,0
118,56,0
119,60,0
119,41,0
119,24,0
119,15,0
119,53,0
119,26,0
119,48,0
119,80,0
119,21,0
119,81,0
120,36,0
120,39,0
120,100,0
121,4,0
121,58,0
121,56,0
122,40,0
122,59,0
122,68,0
122,66,0
122,74,0
122,13,0
122,41,0
122,48,0
122,80,0
123,69,0
123,75,0
123,60,0
123,63,0
123,47,0
123,88,0
124,16,0
124,40,0
124,18,0
125,92,0
125,65,0
125,3,0
125,64,0
125,96,0
125,38,0
126,15,0
126,21,0
126,1,0
127,100,0
127,61,0
127,96,0
127,28,0
127,53,0
127,2,0
128,39,0
128,42,0
128,24,0
129,23,0
129,32,0
129,17,0
129,98,0
129,80,0
129,14,0
129,37,0
129,18,0
129,82,0
129,5,0
129,34,0
129,97,0
130,76,0
130,28,0
130,92,0
130,74,0
130,42,0
130,29,0
130,66,0
131,2,0
131,62,0
131,10,0
131,89,0
132,53,0
132,56,0
132,2,0
132,78,0
132,4,0
132,32,0
132,92,0
132,43,0
133,35,0
133,77,0
133,7,0
133,84,0
133,27,0
134,30,0
134,13,0
134,32,0
135,49,0
135,95,0
135,5,0
135,46,0
136,19,0
136,94,0
136,98,0
136,7,0
136,87,0
137,12,0
137,10,0
137,47,0
137,87,0
137,98,0
137,92,0
137,53,0
137,63,0
137,88,0
137,23,0
137,31,0
137,65,0
137,55,0
137,46,0
137,69,0
138,30,0
138,4,0
138,13,0
138,91,0
139,10,0
139,65,0
139,8,0
139,25,0
139,5,0
139,86,0
139,28,0
139,68,0
140,75,0
140,98,0
140,36,0
140,21,0
140,51,0
140,28,0
141,37,0
141,1,0
141,94,0
142,97,0
142,64,0
142,46,0
142,48,0
142,10,0
142,43,0
143,85,0
143,52,0
143,80,0
143,67,0
143,29,0
143,21,0
143,24,0
143,78,0
144,10,0
144,90,0
144,71,0
144,9,0
144,21,0
144,65,0
144,81,0
144,1,0
145,9,0
145,73,0
145,11,0
145,60,0
145,61,0
145,90,0
145,4,0
146,89,0
146,68,0
146,24,0
147,60,0
147,83,0
147,15,0
147,59,0
147,76,0
147,44,0
147,52,0
148,43,0
148,82,0
148,72,0
148,57,0
148,51,0
148,56,0
148,16,0
149,92,0
149,58,0
149,63,0
149,95,0
149,37,0
149,94,0
149,34,0
149,40,0
149,14,0
149,45,0
149,49,0
150,37,0
150,28,0
150,62,0
151,43,0
151,77,0
151,68,0
152,69,0
152,10,0
152,28,0
152,19,0
152,15,0
152,65,0
152,2,0
152,13,0
152,24,0
152,79,0
153,46,0
153,65,0
153,35,0
153,86,0
153,36,0
153,41,0
153,58,0
154,42,0
154,22,0
154,50,0
154,34,0
154,5,0
154,58,0
154,14,0
154,90,0
154,93,0
154,39,0
154,81,0
154,74,0
154,11,0
154,26,0
154,6,0
155,93,0
155,48,0
155,19,0
156,8,0
156,94,0
156,34,0
157,33,0
157,42,0
157,36,0
158,9,0
158,82,0
158,23,0
158,74,0
159,68,0
159,23,0
159,55,0
160,20,0
160,97,0
160,76,0
160,33,0
161,74,0
161,75,0
161,17,0
162,29,0
162,25,0
162,58,0
162,5,0
162,84,0
163,5,0
163,77,0
163,45,0
164,28,0
164,88,0
164,78,0
164,11,0
165,24,0
165,19,0
165,20,0
166,56,0
166,13,0
166,45,0
166,71,0
166,33,0
166,100,0
166,20,0
166,90,0
166,11,0
167,70,0
167,97,0
167,61,0
167,89,0
167,38,0
168,21,0
168,31,0
168,16,0
169,65,0
169,28,0
169,12,0
169,90,0
169,97,0
169,22,0
169,80,0
169,62,0
169,45,0
169,63,0
170,38,0
170,4,0
170,80,0
170,57,0
171,94,0
171,69,0
171,12,0
171,35,0
172,48,0
172,40,0
172,30,0
172,52,0
172,19,0
172,82,0
172,100,0
172,57,0
173,35,0
173,67,0
173,94,0
173,14,0
174,25,0
174,15,0
174,62,0
174,93,0
175,99,0
175,41,0
175,18,0
175,76,0
176,38,0
176,21,0
176,66,0
177,97,0
177,50,0
177,71,0
177,41,0
177,16,0
177,76,0
177,20,0
178,63,0
178,89,0
178,86,0
178,99,0
178,46,0
178,88,0
179,52,0
179,77,0
179,20,0
180,92,0
180,37,0
180,21,0
180,85,0
180,79,0
181,83,0
181,7,0
181,29,0
181,80,0
181,16,0
181,51,0
182,18,0
182,66,0
182,11,0
182,14,0
182,13,0
182,63,0
183,3,0
183,38,0
183,92,0
184,70,0
184,84,0
184,85,0
184,61,0
184,30,0
184,39,0
184,66,0
184,7,0
184,48,0
185,93,0
185,88,0
185,60,0
185,94,0
185,1,0
185,17,0
186,31,0
186,73,0
186,62,0
186,99,0
186,8,0
186,81,0
186,11,0
187,30,0
187,16,0
187,55,0
188,41,0
188,66,0
188,9,0
188,7,0
188,58,0
189,75,0
189,51,0
189,85,0
189,64,0
190,96,0
190,33,0
190,9,0
191,50,0
191,7,0
191,52,0
192,44,0
192,71,0
192,88,0
192,96,0
193,70,0
193,84,0
193,37,0
194,40,0
194,35,0
194,86,0
195,44,0
195,8,0
195,35,0
196,96,0
196,65,0
196,66,0
197,46,0
197,29,0
197,65,0
197,55,0
197,72,0
197,96,0
198,14,0
198,23,0
198,54,0
199,23,0
199,64,0
199,54,0
199,57,0
199,31,0
199,14,0
199,44,0
199,48,0
199,41,0
199,35,0
199,12,0
199,89,0
199,60,0
200,28,0
200,24,0
200,12,0
200,11,0
201,69,0
201,14,0
201,71,0
202,48,0
202,4,0
202,51,0
203,42,0
203,68,0
203,87,0
203,44,0
203,54,0
203,96,0
203,89,0
204,63,0
204,9,0
204,1,0
204,37,0
204,48,0
204,84,0
205,65,0
205,96,0
205,71,0
205,24,0
205,56,0
205,90,0
206,23,0
206,39,0
206,24,0
206,27,0
207,24,0
207,68,0
207,67,0
207,82,0
208,3,0
208,43,0
208,18,0
208,45,0
208,11,0
208,27,0
209,61,0
209,23,0
209,42,0
209,69,0
209,52,0
209,16,0
209,65,0
210,9,0
210,81,0
210,33,0
211,71,0
211,35,0
211,94,0
212,34,0
212,20,0
212,53,0
212,15,0
212,45,0
212,81,0
212,40,0
212,60,0
212,22,0
212,9,0
212,99,0
213,17,0
213,61,0
213,48,0
214,25,0
214,31,0
214,91,0
214,24,0
214,5,0
215,13,0
215,15,0
215,83,0
215,87,0
216,29,0
216,56,0
216,71,0
216,79,0
216,45,0
217,79,0
217,89,0
217,86,0
218,100,0
218,37,0
218,70,0
219,92,0
219,25,0
219,30,0
219,82,0
219,46,0
220,41,0
220,67,0
220,81,0
220,33,0
220,88,0
221,56,0
221,31,0
221,72,0
222,86,0
222,84,0
222,67,0
222,40,0
222,51,0
222,8,0
222,58,0
222,37,0
223,10,0
223,51,0
223,96,0
224,67,0
224,16,0
224,41,0
224,42,0
225,14,0
225,25,0
225,78,0
225,55,0
225,97,0
225,90,0
225,7,0
226,40,0
226,61,0
226,83,0
226,42,0
226,98,0
227,82,0
227,1,0
227,38,0
227,24,0
227,35,0
227,18,0
227,42,0
228,34,0
228,51,0
228,48,0
229,76,0
229,75,0
229,27,0
229,26,0
229,32,0
230,44,0
230,62,0
230,12,0
231,56,0
231,71,0
231,92,0
232,65,0
232,35,0
232,76,0
232,79,0
232,3,0
232,67,0
232,95,0
233,95,0
233,58,0
233,60,0
233,19,0
233,61,0
233,79,0
234,20,0
234,66,0
234,4,0
234,80,0
234,18,0
234,64,0
235,96,0
235,10,0
235,39,0
236,4,0
236,88,0
236,37,0
237,33,0
237,7,0
237,68,0
237,64,0
237,77,0
237,70,0
237,13,0
237,61,0
237,31,0
237,56,0
237,15,0
238,68,0
238,44,0
238,58,0
239,20,0
239,35,0
239,47,0
239,21,0
240,50,0
240,38,0
240,22,0
240,84,0
240,5,0
240,89,0
240,12,0
240,15,0
241,7,0
241,68,0
241,22,0
241,100,0
242,84,0
242,78,0
242,42,0
242,33,0
242,81,0
242,72,0
242,41,0
242,18,0
243,11,0
243,84,0
243,18,0
243,15,0
244,89,0
244,47,0
244,74,0
244,40,0
244,55,0
244,32,0
244,25,0
244,72,0
245,96,0
245,61,0
245,73,0
245,86,0
245,69,0
246,57,0
246,54,0
246,76,0
246,6,0
246,13,0
246,60,0
247,49,0
247,80,0
247,83,0
247,7,0
248,43,0
248,30,0
248,26,0
248,60,0
248,8,0
248,88,0
249,82,0
249,31,0
249,49,0
249,30,0
249,78,0
249,99,0
250,67,0
250,89,0
250,53,0
250,95,0
250,44,0
250,9,0
251,82,0
251,28,0
251,53,0
251,33,0
251,56,0
251,24,0
251,73,0
251,49,0
251,92,0
252,8,0
252,45,0
252,40,0
253,24,0
253,10,0
253,76,0
254,75,0
254,22,0
254,51,0
255,24,0
255,41,0
255,69,0
256,36,0
256,2,0
256,38,0
257,54,0
257,8,0
257,65,0
257,85,0
257,32,0
257,95,0
257,4,0
257,57,0
257,43,0
257,36,0
257,7,0
258,63,0
258,75,0
258,59,0
258,91,0
258,33,0
259,61,0
259,56,0
259,67,0
259,45,0
260,35,0
260,34,0
260,97,0
260,77,0
260,89,0
260,20,0
260,41,0
260,44,0
260,74,0
260,30,0
261,69,0
261,65,0
261,49,0
261,73,0
262,53,0
262,70,0
262,8,0
263,23,0
263,2,0
263,86,0
264,55,0
264,36,0
264,50,0
264,47,0
265,91,0
265,94,0
265,64,0
266,48,0
266,89,0
266,79,0
266,44,0
266,73,0
266,54,0
266,18,0
266,88,0
267,61,0
267,34,0
267,17,0
268,30,0
268,39,0
268,85,0
268,16,0
269,20,0
269,70,0
269,89,0
270,31,0
270,82,0
270,61,0
271,60,0
271,44,0
271,24,0
272,79,0
272,54,0
272,66,0
272,48,0
272,62,0
272,46,0
272,30,0
272,77,0
272,9,0
272,49,0
272,83,0
272,78,0
273,80,0
273,34,0
273,49,0
273,71,0
273,78,0
274,17,0
274,62,0
274,51,0
275,12,0
275,49,0
275,28,0
275,80,0
275,65,0
275,36,0
276,16,0
276,59,0
276,20,0
276,99,0
276,100,0
276,44,0
276,23,0
276,42,0
276,62,0
276,40,0
277,45,0
277,27,0
277,23,0
278,82,0
278,7,0
278,49,0
278,30,0
278,78,0
279,81,0
279,68,0
279,1,0
280,45,0
280,35,0
280,23,0
281,51,0
281,1,0
281,79,0
281,81,0
281,78,0
281,92,0
281,32,0
281,7,0
281,8,0
281,91,0
282,74,0
282,96,0
282,34,0
283,98,0
283,28,0
283,44,0
283,99,0
283,1,0
283,52,0
283,13,0
284,59,0
284,24,0
284,27,0
285,18,0
285,5,0
285,59,0
286,15,0
286,31,0
286,39,0
286,72,0
286,100,0
286,56,0
286,44,0
286,58,0
286,76,0
286,54,0
287,72,0
287,15,0
287,2,0
288,8,0
288,18,0
288,21,0
288,34,0
288,1,0
288,13,0
288,63,0
289,21,0
289,72,0
289,11,0
289,41,0
289,79,0
290,81,0
290,42,0
290,98,0
291,27,0
291,9,0
291,19,0
291,34,0
291,82,0
291,53,0
291,63,0
291,33,0
292,1,0
292,80,0
292,37,0
293,39,0
293,32,0
293,58,0
293,71,0
293,13,0
293,37,0
293,9,0
293,15,0
293,75,0
294,60,0
294,92,0
294,29,0
294,54,0
294,7,0
294,53,0
294,90,0
295,30,0
295,34,0
295,6,0
295,48,0
295,11,0
295,26,0
295,5,0
295,45,0
296,30,0
296,73,0
296,48,0
296,27,0
296,24,0
296,58,0
296,15,0
296,65,0
296,22,0
296,29,0
296,16,0
297,16,0
297,54,0
297,18,0
298,75,0
298,54,0
298,95,0
298,90,0
298,71,0
299,60,0
299,100,0
299,43,0
299,40,0
299,72,0
299,12,0
300,17,0
300,84,0
300,92,0
300,32,0
300,29,0
300,45,0
301,20,0
301,86,0
301,13,0
301,41,0
301,52,0
301,7,0
302,86,0
302,82,0
302,22,0
303,64,0
303,40,0
303,51,0
303,68,0
304,62,0
304,73,0
304,17,0
304,64,0
304,11,0
304,71,0
305,95,0
305,10,0
305,30,0
305,60,0
305,7,0
306,45,0
306,91,0
306,95,0
306,75,0
306,58,0
306,77,0
306,59,0
306,70,0
306,94,0
306,3,0
306,72,0
306,64,0
306,65,0
306,82,0
306,38,0
307,66,0
307,54,0
307,61,0
307,80,0
307,84,0
308,79,0
308,99,0
308,28,0
308,56,0
308,77,0
308,29,0
308,74,0
308,39,0
308,95,0
309,77,0
309,76,0
309,85,0
309,43,0
309,63,0
309,24,0
310,7,0
310,27,0
310,41,0
310,21,0
310,16,0
310,8,0
311,13,0
311,16,0
311,34,0
312,68,0
312,81,0
312,12,0
312,32,0
313,76,0
313,93,0
313,30,0
313,32,0
313,10,0
313,28,0
313,68,0
314,88,0
314,85,0
314,37,0
315,28,0
315,42,0
315,89,0
315,87,0
316,18,0
316,96,0
316,36,0
317,63,0
317,96,0
317,15,0
317,6,0
318,13,0
318,60,0
318,51,0
318,24,0
318,72,0
318,43,0
319,14,0
319,1,0
319,32,0
319,84,0
320,10,0
320,53,0
320,36,0
320,6,0
320,95,0
321,30,0
321,79,0
321,90,0
321,60,0
321,97,0
321,85,0
322,15,0
322,68,0
322,72,0
322,3,0
322,56,0
323,36,0
323,32,0
323,65,0
323,76,0
323,11,0
323,14,0
323,39,0
323,83,0
323,66,0
323,19,0
323,9,0
324,74,0
324,15,0
324,22,0
324,1,0
324,49,0
324,19,0
324,33,0
324,37,0
324,9,0
324,68,0
325,3,0
325,9,0
325,86,0
326,100,0
326,54,0
326,94,0
326,38,0
326,86,0
326,11,0
326,44,0
326,3,0
327,48,0
327,64,0
327,95,0
328,43,0
328,50,0
328,68,0
329,10,0
329,83,0
329,30,0
329,33,0
329,29,0
329,44,0
329,24,0
329,77,0
329,13,0
329,34,0
330,78,0
330,18,0
330,95,0
330,67,0
330,83,0
330,20,0
330,100,0
331,47,0
331,91,0
331,79,0
331,52,0
331,32,0
332,92,0
332,62,0
332,22,0
333,55,0
333,22,0
333,94,0
333,35,0
333,57,0
333,14,0
333,77,0
333,98,0
334,74,0
334,13,0
334,54,0
335,22,0
335,57,0
335,87,0
335,96,0
335,26,0
335,1,0
336,90,0
336,18,0
336,87,0
336,33,0
336,2,0
336,30,0
336,51,0
336,37,0
337,6,0
337,2,0
337,89,0
337,22,0
337,86,0
338,85,0
338,37,0
338,2,0
338,56,0
338,91,0
338,35,0
338,96,0
338,81,0
338,86,0
338,49,0
338,59,0
338,55,0
338,47,0
338,9,0
338,63,0
338,19,0
338,62,0
338,64,0
338,41,0
339,21,0
339,74,0
339,15,0
339,17,0
339,27,0
339,82,0
339,50,0
340,43,0
340,56,0
340,38,0
340,34,0
340,14,0
340,76,0
341,4,0
341,10,0
341,95,0
341,48,0
342,28,0
342,72,0
342,24,0
343,2,0
343,31,0
343,7,0
343,75,0
344,87,0
344,65,0
344,29,0
344,40,0
345,35,0
345,39,0
345,48,0
345,50,0
345,55,0
345,26,0
346,84,0
346,6,0
346,49,0
346,55,0
347,71,0
347,7,0
347,96,0
347,37,0
348,35,0
348,3,0
348,51,0
348,53,0
348,39,0
348,40,0
348,48,0
349,60,0
349,13,0
349,63,0
349,85,0
349,74,0
349,20,0
349,89,0
349,30,0
349,7,0
349,2,0
350,68,0
350,65,0
350,26,0
351,36,0
351,74,0
351,85,0
351,17,0
351,69,0
351,35,0
351,38,0
351,43,0
351,42,0
352,6,0
352,61,0
352,40,0
352,83,0
352,22,0
352,80,0
352,87,0
352,66,0
352,19,0
353,3,0
353,26,0
353,92,0
353,63,0
353,75,0
353,88,0
354,4,0
354,7,0
354,2,0
354,9,0
355,43,0
355,56,0
355,68,0
355,74,0
355,62,0
355,61,0
356,29,0
356,93,0
356,56,0
357,78,0
357,49,0
357,39,0
358,86,0
358,20,0
358,15,0
359,75,0
359,53,0
359,88,0
359,67,0
359,78,0
359,22,0
359,89,0
360,73,0
360,63,0
360,75,0
360,59,0
360,30,0
360,38,0
360,65,0
360,41,0
361,25,0
361,47,0
361,61,0
361,17,0
361,86,0
361,26,0
361,93,0
362,17,0
362,100,0
362,87,0
362,52,0
362,5,0
362,47,0
362,89,0
363,76,0
363,37,0
363,71,0
363,9,0
363,41,0
363,59,0
363,68,0
364,4,0
364,5,0
364,10,0
364,96,0
364,48,0
364,40,0
364,59,0
364,47,0
365,34,0
365,48,0
365,63,0
366,87,0
366,73,0
366,90,0
366,70,0
366,35,0
367,5,0
367,91,0
367,8,0
368,1,0
368,88,0
368,29,0
368,22,0
368,67,0
369,83,0
369,98,0
369,7,0
370,67,0
370,100,0
370,74,0
370,50,0
370,92,0
370,9,0
371,93,0
371,98,0
371,31,0
371,20,0
371,85,0
372,18,0
372,48,0
372,86,0
373,91,0
373,14,0
373,48,0
374,47,0
374,58,0
374,30,0
374,21,0
374,23,0
374,19,0
374,24,0
375,18,0
375,52,0
375,5,0
376,46,0
376,37,0
376,19,0
377,94,0
377,91,0
377,68,0
378,27,0
378,22,0
378,8,0
378,79,0
378,74,0
379,11,0
379,18,0
379,35,0
379,20,0
379,27,0
380,25,0
380,84,0
380,80,0
380,83,0
380,97,0
380,5,0
380,93,0
380,54,0
380,11,0
381,35,0
381,99,0
381,43,0
382,91,0
382,62,0
382,19,0
383,45,0
383,62,0
383,26,0
384,91,0
384,92,0
384,27,0
385,76,0
385,38,0
385,72,0
385,62,0
385,90,0
385,57,0
385,11,0
385,35,0
385,51,0
385,61,0
385,30,0
385,27,0
386,93,0
386,7,0
386,80,0
387,32,0
387,96,0
387,57,0
388,67,0
388,28,0
388,21,0
388,63,0
388,34,0
388,2,0
388,25,0
388,15,0
389,37,0
389,82,0
389,95,0
389,62,0
389,35,0
389,31,0
390,69,0
390,68,0
390,15,0
390,98,0
391,81,0
391,58,0
391,84,0
392,87,0
392,98,0
392,48,0
392,11,0
393,8,0
393,19,0
393,13,0
394,34,0
394,44,0
394,78,0
394,72,0
394,18,0
394,12,0
395,15,0
395,47,0
395,11,0
396,98,0
396,32,0
396,66,0
396,53,0
396,12,0
396,71,0
396,84,0
396,79,0
396,4,0
396,45,0
396,39,0
396,2,0
396,81,0
397,8,0
397,25,0
397,19,0
397,46,0
397,29,0
397,48,0
397,42,0
398,78,0
398,93,0
398,47,0
399,58,0
399,24,0
399,2,0
399,99,0
400,91,0
400,97,0
400,90,0
400,42,0
400,53,0
400,3,0
400,1,0
400,82,0
400,54,0
401,38,0
401,18,0
401,1,0
401,78,0
401,23,0
401,19,0
402,73,0
402,63,0
402,32,0
402,80,0
402,54,0
403,7,0
403,58,0
403,12,0
403,6,0
404,3,0
404,13,0
404,96,0
404,97,0
404,11,0
404,91,0
404,30,0
404,81,0
404,1,0
404,29,0
405,28,0
405,86,0
405,21,0
405,32,0
406,40,0
406,29,0
406,26,0
407,93,0
407,34,0
407,41,0
408,56,0
408,90,0
408,43,0
409,18,0
409,50,0
409,61,0
409,91,0
410,13,0
410,23,0
410,11,0
410,51,0
411,66,0
411,22,0
411,33,0
412,49,0
412,24,0
412,22,0
412,30,0
412,80,0
413,19,0
413,36,0
413,89,0
413,69,0
413,34,0
413,28,0
413,74,0
414,95,0
414,90,0
414,93,0
415,76,0
415,49,0
415,90,0
415,7,0
415,59,0
415,75,0
415,25,0
415,11,0
415,1,0
415,45,0
416,46,0
416,81,0
416,4,0
416,95,0
416,59,0
416,9,0
416,8,0
417,68,0
417,10,0
417,53,0
417,97,0
417,48,0
417,26,0
417,89,0
417,44,0
417,74,0
418,69,0
418,47,0
418,94,0
418,85,0
418,9,0
419,83,0
419,26,0
419,81,0
419,20,0
419,8,0
419,92,0
419,79,0
419,22,0
419,72,0
419,30,0
419,84,0
419,48,0
419,31,0
420,84,0
420,36,0
420,82,0
421,2,0
421,91,0
421,11,0
422,22,0
422,92,0
422,94,0
423,2,0
423,7,0
423,94,0
424,34,0
424,68,0
424,53,0
424,16,0
424,81,0
424,41,0
424,58,0
424,85,0
424,59,0
424,76,0
424,75,0
424,28,0
425,87,0
425,24,0
425,35,0
425,52,0
425,91,0
425,80,0
425,84,0
426,35,0
426,78,0
426,22,0
426,67,0
426,76,0
426,56,0
426,26,0
426,99,0
426,68,0
426,80,0
426,84,0
426,73,0
426,74,0
426,53,0
426,66,0
426,2,0
427,91,0
427,54,0
427,49,0
428,79,0
428,25,0
428,7,0
428,5,0
428,41,0
428,40,0
429,36,0
429,22,0
429,95,0
429,37,0
429,80,0
429,35,0
429,40,0
429,19,0
429,72,0
430,70,0
430,12,0
430,66,0
431,20,0
431,44,0
431,47,0
432,21,0
432,49,0
432,51,0
432,94,0
432,77,0
432,9,0
432,62,0
433,24,0
433,57,0
433,21,0
433,78,0
433,59,0
433,15,0
433,31,0
433,56,0
433,79,0
433,89,0
433,3,0
434,55,0
434,3,0
434,22,0
434,17,0
435,30,0
435,10,0
435,53,0
435,46,0
435,7,0
435,15,0
435,92,0
435,24,0
435,36,0
436,38,0
436,86,0
436,2,0
436,96,0
437,40,0
437,13,0
437,62,0
438,86,0
438,87,0
438,79,0
438,63,0
439,64,0
439,62,0
439,80,0
440,49,0
440,39,0
440,3,0
441,4,0
441,35,0
441,20,0
441,6,0
441,85,0
442,55,0
442,52,0
442,93,0
442,39,0
442,64,0
443,54,0
443,25,0
443,47,0
443,90,0
443,76,0
443,88,0
443,35,0
444,90,0
444,10,0
444,20,0
445,78,0
445,39,0
445,16,0
446,85,0
446,42,0
446,33,0
447,16,0
447,65,0
447,61,0
448,2,0
448,83,0
448,45,0
448,97,0
448,6,0
449,21,0
449,19,0
449,9,0
449,97,0
449,53,0
450,93,0
450,48,0
450,80,0
450,29,0
450,23,0
450,24,0
450,36,0
450,2,0
450,91,0
450,100,0
450,67,0
450,38,0
450,82,0
451,84,0
451,64,0
451,38,0
451,74,0
452,32,0
452,34,0
452,11,0
453,32,0
453,97,0
453,19,0
453,42,0
453,83,0
453,18,0
454,36,0
454,40,0
454,4,0
454,18,0
454,73,0
454,15,0
454,26,0
454,27,0
454,20,0
455,3,0
455,27,0
455,76,0
455,24,0
455,16,0
455,73,0
455,14,0
455,53,0
455,42,0
456,5,0
456,50,0
456,34,0
457,81,0
457,66,0
457,48,0
457,43,0
457,95,0
457,9,0
457,18,0
457,79,0
457,75,0
457,65,0
458,90,0
458,31,0
458,15,0
459,4,0
459,42,0
459,66,0
460,2,0
460,79,0
460,58,0
460,51,0
460,75,0
460,4,0
460,85,0
460,38,0
460,49,0
460,26,0
460,41,0
460,3,0
460,64,0
460,61,0
460,30,0
460,96,0
460,14,0
461,69,0
461,44,0
461,80,0
461,31,0
462,59,0
462,47,0
462,31,0
462,28,0
462,45,0
462,77,0
462,86,0
462,89,0
462,33,0
462,82,0
463,41,0
463,84,0
463,32,0
464,25,0
464,22,0
464,83,0
464,35,0
464,87,0
465,32,0
465,26,0
465,93,0
465,42,0
466,51,0
466,74,0
466,97,0
467,38,0
467,39,0
467,32,0
467,28,0
467,94,0
468,3,0
468,21,0
468,42,0
468,35,0
468,64,0
469,85,0
469,23,0
469,61,0
469,70,0
469,1,0
470,51,0
470,49,0
470,33,0
471,71,0
471,47,0
471,83,0
471,53,0
471,62,0
471,89,0
472,66,0
472,77,0
472,22,0
472,51,0
472,96,0
473,46,0
473,92,0
473,41,0
474,62,0
474,99,0
474,7,0
474,95,0
475,68,0
475,92,0
475,27,0
475,54,0
475,8,0
475,51,0
475,29,0
475,93,0
476,90,0
476,84,0
476,94,0
477,40,0
477,46,0
477,53,0
477,91,0
478,43,0
478,35,0
478,81,0
479,36,0
479,23,0
479,29,0
480,69,0
480,54,0
480,10,0
480,40,0
480,41,0
481,40,0
481,16,0
481,29,0
482,72,0
482,22,0
482,20,0
482,46,0
482,99,0
482,66,0
483,92,0
483,5,0
483,11,0
483,82,0
483,2,0
483,14,0
483,86,0
483,16,0
484,45,0
484,5,0
484,85,0
484,39,0
484,94,0
485,22,0
485,86,0
485,70,0
486,40,0
486,41,0
486,65,0
486,89,0
486,93,0
486,5,0
486,84,0
486,96,0
486,68,0
486,14,0
486,82,0
486,94,0
486,51,0
486,90,0
487,43,0
487,46,0
487,13,0
487,75,0
487,63,0
488,52,0
488,25,0
488,38,0
488,91,0
488,35,0
488,46,0
488,41,0
488,54,0
489,71,0
489,21,0
489,38,0
490,72,0
490,18,0
490,89,0
490,93,0
490,41,0
491,33,0
491,46,0
491,76,0
492,20,0
492,7,0
492,48,0
493,88,0
493,11,0
493,50,0
494,18,0
494,55,0
494,67,0
494,39,0
494,87,0
494,75,0
494,56,0
494,61,0
494,59,0
494,64,0
495,16,0
495,75,0
495,23,0
495,7,0
495,17,0
496,60,0
496,52,0
496,32,0
496,57,0
496,58,0
496,44,0
497,47,0
497,85,0
497,100,0
497,57,0
497,80,0
497,39,0
498,14,0
498,88,0
498,77,0
499,50,0
499,49,0
499,57,0
499,12,0
499,52,0
499,22,0
500,26,0
500,43,0
500,23,0
500,18,0
500,78,0
500,30,0
500,98,0
501,22,0
501,74,0
501,84,0
502,61,0
502,82,0
502,75,0
502,26,0
503,95,0
503,83,0
503,88,0
504,44,0
504,78,0
504,99,0
505,81,0
505,59,0
505,82,0
505,17,0
505,62,0
506,13,0
506,28,0
506,10,0
506,100,0
506,42,0
506,67,0
506,95,0
506,49,0
506,19,0
506,3,0
507,27,0
507,68,0
507,74,0
508,61,0
508,86,0
508,60,0
508,71,0
508,44,0
508,39,0
508,82,0
508,7,0
509,34,0
509,45,0
509,32,0
509,79,0
510,11,0
510,14,0
510,24,0
510,28,0
510,53,0
510,39,0
510,89,0
511,70,0
511,42,0
511,7,0
511,49,0
512,59,0
512,89,0
512,20,0
512,93,0
512,1,0
512,51,0
512,98,0
513,59,0
513,40,0
513,1,0
513,92,0
514,91,0
514,3,0
514,29,0
515,2,0
515,16,0
515,95,0
516,42,0
516,47,0
516,63,0
517,36,0
517,62,0
517,66,0
517,58,0
517,86,0
517,9,0
517,17,0
518,94,0
518,96,0
518,23,0
518,72,0
518,61,0
518,91,0
519,63,0
519,52,0
519,67,0
519,46,0
519,56,0
519,33,0
519,20,0
520,45,0
520,28,0
520,97,0
520,80,0
520,75,0
521,8,0
521,80,0
521,41,0
522,11,0
522,64,0
522,89,0
523,33,0
523,94,0
523,13,0
524,55,0
524,63,0
524,37,0
524,89,0
524,36,0
524,68,0
524,73,0
525,16,0
525,89,0
525,44,0
525,14,0
525,85,0
525,84,0
526,3,0
526,72,0
526,2,0
526,33,0
526,37,0
526,27,0
527,69,0
527,30,0
527,44,0
528,98,0
528,14,0
528,1,0
528,7,0
528,54,0
528,86,0
528,61,0
528,5,0
528,93,0
528,58,0
528,81,0
528,56,0
528,4,0
529,92,0
529,88,0
529,34,0
529,98,0
529,47,0
530,5,0
530,84,0
530,90,0
531,25,0
531,36,0
531,12,0
531,47,0
531,20,0
532,97,0
532,85,0
532,20,0
532,95,0
533,19,0
533,69,0
533,16,0
533,32,0
534,8,0
534,78,0
534,38,0
534,31,0
534,68,0
535,97,0
535,71,0
535,8,0
536,63,0
536,91,0
536,46,0
536,99,0
536,25,0
536,59,0
536,39,0
536,14,0
537,23,0
537,93,0
537,54,0
537,3,0
538,21,0
538,55,0
538,81,0
538,94,0
539,44,0
539,88,0
539,97,0
540,10,0
540,67,0
540,73,0
541,33,0
541,17,0
541,97,0
541,4,0
541,50,0
541,20,0
541,38,0
541,69,0
541,59,0
542,86,0
542,4,0
542,21,0
542,97,0
542,72,0
542,19,0
542,45,0
542,25,0
542,100,0
542,55,0
543,41,0
543,20,0
543,3,0
543,25,0
543,69,0
543,37,0
543,68,0
544,2,0
544,23,0
544,46,0
545,60,0
545,100,0
545,15,0
545,51,0
545,9,0
545,78,0
546,39,0
546,53,0
546,59,0
547,77,0
547,2,0
547,98,0
547,85,0
548,39,0
548,14,0
548,70,0
548,47,0
548,88,0
548,5,0
548,57,0
549,97,0
549,10,0
549,27,0
550,26,0
550,84,0
550,86,0
550,45,0
550,9,0
550,34,0
551,47,0
551,38,0
551,60,0
551,52,0
551,48,0
551,69,0
551,36,0
551,89,0
551,93,0
551,95,0
552,99,0
552,42,0
552,39,0
552,91,0
552,94,0
552,59,0
552,53,0
553,55,0
553,73,0
553,30,0
554,37,0
554,100,0
554,66,0
554,50,0
554,63,0
554,28,0
554,59,0
554,3,0
554,87,0
555,91,0
555,77,0
555,62,0
555,51,0
555,16,0
556,34,0
556,26,0
556,18,0
556,54,0
556,39,0
556,93,0
556,11,0
556,62,0
557,87,0
557,24,0
557,47,0
558,38,0
558,45,0
558,71,0
558,66,0
558,43,0
558,3,0
558,16,0
558,70,0
558,24,0
558,75,0
558,73,0
559,79,0
559,12,0
559,2,0
559,14,0
559,8,0
559,22,0
559,49,0
559,32,0
560,75,0
560,88,0
560,6,0
560,2,0
560,86,0
561,14,0
561,78,0
561,75,0
561,4,0
562,30,0
562,73,0
562,35,0
562,72,0
563,32,0
563,40,0
563,1,0
563,28,0
563,77,0
563,5,0
563,55,0
564,58,0
564,85,0
564,61,0
564,9,0
564,69,0
564,60,0
564,23,0
564,77,0
564,63,0
564,7,0
564,25,0
564,34,0
565,87,0
565,48,0
565,70,0
566,98,0
566,81,0
566,65,0
566,95,0
566,22,0
566,86,0
566,6,0
566,33,0
566,52,0
566,99,0
567,81,0
567,27,0
567,79,0
567,98,0
567,61,0
567,38,0
567,24,0
567,20,0
567,42,0
567,63,0
567,76,0
567,94,0
567,66,0
567,29,0
567,2,0
568,83,0
568,17,0
568,14,0
568,36,0
568,42,0
569,21,0
569,26,0
569,31,0
569,22,0
569,12,0
569,28,0
570,5,0
570,9,0
570,76,0
571,100,0
571,50,0
571,82,0
571,66,0
571,21,0
571,18,0
572,23,0
572,32,0
572,44,0
573,9,0
573,77,0
573,37,0
573,25,0
573,53,0
573,13,0
574,42,0
574,50,0
574,18,0
575,72,0
575,70,0
575,20,0
576,44,0
576,27,0
576,10,0
577,83,0
577,92,0
577,82,0
578,40,0
578,91,0
578,50,0
578,77,0
578,6,0
579,68,0
579,26,0
579,43,0
579,51,0
579,37,0
579,63,0
579,13,0
579,56,0
579,71,0
579,83,0
579,8,0
579,14,0
579,61,0
580,8,0
580,70,0
580,95,0
581,77,0
581,51,0
581,47,0
581,34,0
582,47,0
582,4,0
582,7,0
583,48,0
583,52,0
583,93,0
583,39,0
583,100,0
583,11,0
584,5,0
584,61,0
584,59,0
584,15,0
584,33,0
584,19,0
584,11,0
585,3,0
585,41,0
585,40,0
585,32,0
585,43,0
585,96,0
585,11,0
585,25,0
586,65,0
586,30,0
586,91,0
586,34,0
586,76,0
586,81,0
586,63,0
586,90,0
586,75,0
586,74,0
586,20,0
587,79,0
587,14,0
587,8,0
587,92,0
587,70,0
587,6,0
587,57,0
587,58,0
587,48,0
587,86,0
588,100,0
588,42,0
588,79,0
588,81,0
588,77,0
589,79,0
589,23,0
589,66,0
590,87,0
590,20,0
590,16,0
591,60,0
591,56,0
591,76,0
591,55,0
591,8,0
591,30,0
591,69,0
591,31,0
591,34,0
592,68,0
592,56,0
592,20,0
592,53,0
592,36,0
592,55,0
592,11,0
592,93,0
593,43,0
593,84,0
593,83,0
593,7,0
594,53,0
594,3,0
594,44,0
594,2,0
594,31,0
594,42,0
594,5,0
594,94,0
594,97,0
595,84,0
595,64,0
595,69,0
595,100,0
596,13,0
596,90,0
596,33,0
597,60,0
597,56,0
597,58,0
598,39,0
598,85,0
598,60,0
599,65,0
599,17,0
599,51,0
600,62,0
600,39,0
600,87,0
600,53,0
600,37,0
600,49,0
600,20,0
600,18,0
600,85,0
600,45,0
601,58,0
601,34,0
601,59,0
601,56,0
601,22,0
602,71,0
602,74,0
602,95,0
602,32,0
602,70,0
602,28,0
602,96,0
602,88,0
603,30,0
603,2,0
603,10,0
603,51,0
604,33,0
604,73,0
604,57,0
604,8,0
604,9,0
605,17,0
605,47,0
605,62,0
605,42,0
605,16,0
605,14,0
605,59,0
605,10,0
605,33,0
606,89,0
606,4,0
606,25,0
606,37,0
606,23,0
606,69,0
607,41,0
607,81,0
607,52,0
607,57,0
608,89,0
608,15,0
608,94,0
609,7,0
609,16,0
609,60,0
609,50,0
609,1,0
609,24,0
609,57,0
610,88,0
610,17,0
610,54,0
610,10,0
610,45,0
610,36,0
610,5,0
610,80,0
610,66,0
610,85,0
611,78,0
611,11,0
611,1,0
612,26,0
612,39,0
612,72,0
612,16,0
612,8,0
612,32,0
612,25,0
612,40,0
612,82,0
612,44,0
612,27,0
613,25,0
613,15,0
613,82,0
614,93,0
614,17,0
614,19,0
615,47,0
615,75,0
615,65,0
615,13,0
615,11,0
615,95,0
615,100,0
616,97,0
616,73,0
616,12,0
616,26,0
616,50,0
616,87,0
616,57,0
616,86,0
616,67,0
616,84,0
617,32,0
617,57,0
617,78,0
617,19,0
617,70,0
617,8,0
617,50,0
617,31,0
617,80,0
617,49,0
617,86,0
617,18,0
617,34,0
617,67,0
617,10,0
617,64,0
617,97,0
618,24,0
618,79,0
618,64,0
618,14,0
618,28,0
618,9,0
618,12,0
618,88,0
619,66,0
619,22,0
619,42,0
619,7,0
619,69,0
620,28,0
620,36,0
620,86,0
620,24,0
621,94,0
621,16,0
621,21,0
622,70,0
622,94,0
622,24,0
622,69,0
623,22,0
623,76,0
623,13,0
624,40,0
624,60,0
624,6,0
624,83,0
624,85,0
624,41,0
624,37,0
625,27,0
625,23,0
625,12,0
625,20,0
625,42,0
625,76,0
626,84,0
626,38,0
626,25,0
626,19,0
626,90,0
626,36,0
626,91,0
626,28,0
626,95,0
627,23,0
627,8,0
627,60,0
628,84,0
628,83,0
628,15,0
629,43,0
629,93,0
629,4,0
630,75,0
630,72,0
630,89,0
630,85,0
630,77,0
630,91,0
630,35,0
631,7,0
631,96,0
631,70,0
631,89,0
631,95,0
631,11,0
632,60,0
632,21,0
632,32,0
632,98,0
632,28,0
632,52,0
633,48,0
633,13,0
633,95,0
634,60,0
634,28,0
634,66,0
635,41,0
635,28,0
635,37,0
635,81,0
635,47,0
635,55,0
635,62,0
636,76,0
636,37,0
636,10,0
636,45,0
636,86,0
636,1,0
636,79,0
636,39,0
636,54,0
637,36,0
637,48,0
637,41,0
637,53,0
638,63,0
638,72,0
638,98,0
638,5,0
639,63,0
639,13,0
639,92,0
639,42,0
639,12,0
640,2,0
640,1,0
640,51,0
640,25,0
641,76,0
641,54,0
641,13,0
641,23,0
641,83,0
641,74,0
642,20,0
642,88,0
642,30,0
642,98,0
642,50,0
642,15,0
642,70,0
642,99,0
643,57,0
643,76,0
643,60,0
644,37,0
644,17,0
644,26,0
645,92,0
645,65,0
645,41,0
645,5,0
645,58,0
645,73,0
645,91,0
646,82,0
646,40,0
646,59,0
647,21,0
647,26,0
647,97,0
647,2,0
647,100,0
648,27,0
648,89,0
648,41,0
648,81,0
648,3,0
648,14,0
648,23,0
648,30,0
648,22,0
648,73,0
648,1,0
648,7,0
648,97,0
648,15,0
649,35,0
649,79,0
649,31,0
649,36,0
649,14,0
649,81,0
649,46,0
650,20,0
650,18,0
650,11,0
650,22,0
650,97,0
650,48,0
650,10,0
650,14,0
650,6,0
650,71,0
651,1,0
651,90,0
651,78,0
651,70,0
651,73,0
652,7,0
652,50,0
652,53,0
653,77,0
653,91,0
653,29,0
653,44,0
653,51,0
653,13,0
654,8,0
654,4,0
654,71,0
655,39,0
655,87,0
655,45,0
656,83,0
656,71,0
656,51,0
656,2,0
656,52,0
657,20,0
657,12,0
657,62,0
657,95,0
657,40,0
657,34,0
658,3,0
658,62,0
658,33,0
658,77,0
658,86,0
658,94,0
658,43,0
659,38,0
659,78,0
659,80,0
659,34,0
659,85,0
659,83,0
659,70,0
659,75,0
660,30,0
660,73,0
660,16,0
661,7,0
661,58,0
661,51,0
661,73,0
661,37,0
662,54,0
662,42,0
662,87,0
662,72,0
662,60,0
662,4,0
662,96,0
662,10,0
663,80,0
663,45,0
663,7,0
663,97,0
663,54,0
664,44,0
664,39,0
664,15,0
665,91,0
665,56,0
665,57,0
665,68,0
665,81,0
665,43,0
665,29,0
666,39,0
666,41,0
666,50,0
666,60,0
666,100,0
666,45,0
666,83,0
667,88,0
667,9,0
667,72,0
667,81,0
668,32,0
668,18,0
668,82,0
669,93,0
669,27,0
669,26,0
669,41,0
670,69,0
670,84,0
670,46,0
670,12,0
671,17,0
671,60,0
671,34,0
671,66,0
671,84,0
671,92,0
671,13,0
671,50,0
671,19,0
672,80,0
672,68,0
672,48,0
672,23,0
672,4,0
672,44,0
673,53,0
673,1,0
673,43,0
674,73,0
674,74,0
674,94,0
674,95,0
674,25,0
674,19,0
674,83,0
674,9,0
674,60,0
674,99,0
674,35,0
674,52,0
674,48,0
675,27,0
675,81,0
675,68,0
675,19,0
675,48,0
675,53,0
675,77,0
675,6,0
675,21,0
675,99,0
675,57,0
675,82,0
676,90,0
676,80,0
676,57,0
676,92,0
677,69,0
677,12,0
677,29,0
678,15,0
678,3,0
678,17,0
678,83,0
679,64,0
679,92,0
679,40,0
679,5,0
679,23,0
679,69,0
679,76,0
680,54,0
680,43,0
680,83,0
680,93,0
680,3,0
680,6,0
680,95,0
680,86,0
680,32,0
680,9,0
680,79,0
680,69,0
680,41,0
681,72,0
681,21,0
681,41,0
682,19,0
682,24,0
682,3,0
683,82,0
683,49,0
683,46,0
683,17,0
683,7,0
684,38,0
684,67,0
684,50,0
684,7,0
684,24,0
684,46,0
684,97,0
684,53,0
685,61,0
685,66,0
685,12,0
685,89,0
686,50,0
686,76,0
686,7,0
686,88,0
686,78,0
686,57,0
686,20,0
687,32,0
687,23,0
687,84,0
687,65,0
687,48,0
687,100,0
688,60,0
688,76,0
688,61,0
688,35,0
688,72,0
688,33,0
689,1,0
689,67,0
689,47,0
690,24,0
690,68,0
690,54,0
690,12,0
691,68,0
691,17,0
691,57,0
691,19,0
691,53,0
691,1,0
691,49,0
691,44,0
691,62,0
691,56,0
691,66,0
691,21,0
692,80,0
692,77,0
692,99,0
692,56,0
692,61,0
692,19,0
692,67,0
692,23,0
692,40,0
692,14,0
692,94,0
692,90,0
693,80,0
693,60,0
693,65,0
693,94,0
693,52,0
693,6,0
693,34,0
694,69,0
694,63,0
694,66,0
694,88,0
695,42,0
695,73,0
695,68,0
696,57,0
696,89,0
696,20,0
696,38,0
696,16,0
696,78,0
696,46,0
696,37,0
696,81,0
697,9,0
697,61,0
697,56,0
698,73,0
698,49,0
698,60,0
698,23,0
698,69,0
698,18,0
698,47,0
699,98,0
699,45,0
699,43,0
700,9,0
700,34,0
700,56,0
701,78,0
701,76,0
701,65,0
702,35,0
702,26,0
702,8,0
702,77,0
702,45,0
702,30,0
702,21,0
702,14,0
702,70,0
703,31,0
703,14,0
703,83,0
704,88,0
704,32,0
704,6,0
704,42,0
704,86,0
704,66,0
704,93,0
704,49,0
704,99,0
704,48,0
704,34,0
704,70,0
704,27,0
704,30,0
704,65,0
704,72,0
704,55,0
704,64,0
704,14,0
705,64,0
705,37,0
705,23,0
705,47,0
706,66,0
706,85,0
706,55,0
706,80,0
706,60,0
706,96,0
706,43,0
706,86,0
706,53,0
706,49,0
706,61,0
706,13,0
706,100,0
706,58,0
706,84,0
706,47,0
706,94,0
706,17,0
707,87,0
707,6,0
707,79,0
707,59,0
708,67,0
708,49,0
708,14,0
708,32,0
708,84,0
708,100,0
709,73,0
709,30,0
709,36,0
709,61,0
709,34,0
709,86,0
710,47,0
710,6,0
710,7,0
710,39,0
710,40,0
710,9,0
710,70,0
710,46,0
710,81,0
711,95,0
711,97,0
711,55,0
711,5,0
711,25,0
712,64,0
712,100,0
712,84,0
713,67,0
713,40,0
713,31,0
713,97,0
713,49,0
713,30,0
713,36,0
713,68,0
714,42,0
714,93,0
714,55,0
714,41,0
714,70,0
715,61,0
715,78,0
715,25,0
716,4,0
716,81,0
716,33,0
717,78,0
717,95,0
717,32,0
717,70,0
718,10,0
718,26,0
718,61,0
718,3,0
718,57,0
718,67,0
718,4,0
719,85,0
719,25,0
719,7,0
720,12,0
720,36,0
720,9,0
721,20,0
721,50,0
721,81,0
721,8,0
721,56,0
721,89,0
721,6,0
721,100,0
721,68,0
722,92,0
722,94,0
722,11,0
722,61,0
723,54,0
723,35,0
723,83,0
723,52,0
723,64,0
724,44,0
724,64,0
724,39,0
724,22,0
724,1,0
724,45,0
724,5,0
725,69,0
725,5,0
725,2,0
725,9,0
725,68,0
725,84,0
725,20,0
725,54,0
725,1,0
725,89,0
725,52,0
725,24,0
725,8,0
725,16,0
725,79,0
726,50,0
726,69,0
726,72,0
727,1,0
727,96,0
727,94,0
727,78,0
727,6,0
727,75,0
728,40,0
728,21,0
728,32,0
729,53,0
729,95,0
729,82,0
729,29,0
729,91,0
729,36,0
730,40,0
730,44,0
730,5,0
731,34,0
731,100,0
731,5,0
732,76,0
732,88,0
732,38,0
733,83,0
733,45,0
733,77,0
734,2,0
734,22,0
734,9,0
735,80,0
735,83,0
735,42,0
735,17,0
735,4,0
736,53,0
736,34,0
736,88,0
736,32,0
736,44,0
736,73,0
736,28,0
736,20,0
736,47,0
736,54,0
736,16,0
736,83,0
736,66,0
736,26,0
736,89,0
737,6,0
737,16,0
737,44,0
737,59,0
738,62,0
738,40,0
738,11,0
739,55,0
739,20,0
739,15,0
739,37,0
739,90,0
739,42,0
740,66,0
740,40,0
740,87,0
740,84,0
741,90,0
741,81,0
741,35,0
741,62,0
741,83,0
742,82,0
742,97,0
742,83,0
743,29,0
743,54,0
743,94,0
743,13,0
743,64,0
743,87,0
744,71,0
744,22,0
744,87,0
744,82,0
744,52,0
744,69,0
744,99,0
744,9,0
744,34,0
744,86,0
744,15,0
745,43,0
745,85,0
745,4,0
745,12,0
745,82,0
745,38,0
745,59,0
745,2,0
746,87,0
746,3,0
746,13,0
746,63,0
746,25,0
747,59,0
747,43,0
747,75,0
747,12,0
747,14,0
747,82,0
747,22,0
747,68,0
748,90,0
748,10,0
748,30,0
749,67,0
749,27,0
749,79,0
750,58,0
750,5,0
750,12,0
750,54,0
751,55,0
751,12,0
751,85,0
751,79,0
751,80,0
752,93,0
752,48,0
752,74,0
752,39,0
752,22,0
752,45,0
753,42,0
753,97,0
753,18,0
753,47,0
753,31,0
754,79,0
754,39,0
754,20,0
754,4,0
755,50,0
755,46,0
755,80,0
755,75,0
755,76,0
756,84,0
756,85,0
756,36,0
757,1,0
757,71,0
757,2,0
757,94,0
757,75,0
757,41,0
757,72,0
757,78,0
758,85,0
758,67,0
758,18,0
758,15,0
758,83,0
758,43,0
758,40,0
758,75,0
758,99,0
758,89,0
758,93,0
758,55,0
758,25,0
758,2,0
759,78,0
759,90,0
759,89,0
759,62,0
760,18,0
760,85,0
760,44,0
761,70,0
761,65,0
761,30,0
761,25,0
761,72,0
761,81,0
762,32,0
762,39,0
762,76,0
762,11,0
762,5,0
762,23,0
762,50,0
762,29,0
763,95,0
763,54,0
763,37,0
763,76,0
764,38,0
764,34,0
764,76,0
765,63,0
765,2,0
765,58,0
765,44,0
765,41,0
765,38,0
765,47,0
765,25,0
766,22,0
766,20,0
766,31,0
766,83,0
767,4,0
767,73,0
767,16,0
767,58,0
767,5,0
767,100,0
768,89,0
768,73,0
768,42,0
768,63,0
768,40,0
768,28,0
768,68,0
768,19,0
769,68,0
769,20,0
769,72,0
769,21,0
770,75,0
770,67,0
770,58,0
771,6,0
771,60,0
771,74,0
771,71,0
771,98,0
772,46,0
772,16,0
772,89,0
772,30,0
772,14,0
772,40,0
773,21,0
773,75,0
773,80,0
773,29,0
773,27,0
774,65,0
774,49,0
774,96,0
774,87,0
774,28,0
775,65,0
775,63,0
775,22,0
776,32,0
776,84,0
776,49,0
777,43,0
777,96,0
777,91,0
777,65,0
777,37,0
778,76,0
778,70,0
778,10,0
778,14,0
778,82,0
778,34,0
779,63,0
779,47,0
779,68,0
779,93,0
779,59,0
779,29,0
779,69,0
779,53,0
779,70,0
780,47,0
780,7,0
780,89,0
780,59,0
780,39,0
780,41,0
780,13,0
780,16,0
780,43,0
780,23,0
780,38,0
781,10,0
781,68,0
781,95,0
781,57,0
781,96,0
781,11,0
782,3,0
782,84,0
782,5,0
782,4,0
783,1,0
783,7,0
783,32,0
784,18,0
784,85,0
784,61,0
784,42,0
785,60,0
785,82,0
785,23,0
785,68,0
785,51,0
785,29,0
786,80,0
786,40,0
786,71,0
786,64,0
787,90,0
787,65,0
787,31,0
787,55,0
787,97,0
787,5,0
787,92,0
788,19,0
788,78,0
788,65,0
788,39,0
788,93,0
788,83,0
788,90,0
789,46,0
789,94,0
789,70,0
789,24,0
789,65,0
789,10,0
789,38,0
790,81,0
790,13,0
790,60,0
790,95,0
790,22,0
790,61,0
790,4,0
791,73,0
791,15,0
791,27,0
792,64,0
792,100,0
792,17,0
792,15,0
793,17,0
793,88,0
793,70,0
793,32,0
793,52,0
793,1,0
793,56,0
793,78,0
793,49,0
794,69,0
794,65,0
794,97,0
794,99,0
794,35,0
795,70,0
795,64,0
795,75,0
795,37,0
795,79,0
795,32,0
796,25,0
796,26,0
796,18,0
796,17,0
796,4,0
796,53,0
796,23,0
796,36,0
797,71,0
797,4,0
797,60,0
797,21,0
797,59,0
797,37,0
798,66,0
798,87,0
798,47,0
798,50,0
799,100,0
799,17,0
799,65,0
799,63,0
799,96,0
799,34,0
799,90,0
799,32,0
799,99,0
799,38,0
799,18,0
800,7,0
800,43,0
800,3,0
800,21,0
800,37,0
800,8,0
801,1,0
801,46,0
801,6,0
802,27,0
802,91,0
802,90,0
803,8,0
803,26,0
803,58,0
804,48,0
804,2,0
804,78,0
804,23,0
805,84,0
805,50,0
805,100,0
805,73,0
805,23,0
805,44,0
806,88,0
806,93,0
806,83,0
806,21,0
806,55,0
806,9,0
806,61,0
806,48,0
807,33,0
807,12,0
807,67,0
807,70,0
808,91,0
808,23,0
808,88,0
809,5,0
809,8,0
809,19,0
810,28,0
810,55,0
810,97,0
810,84,0
810,12,0
810,78,0
810,75,0
810,73,0
811,27,0
811,20,0
811,28,0
811,76,0
811,88,0
811,65,0
812,92,0
812,36,0
812,87,0
812,83,0
813,13,0
813,21,0
813,19,0
813,60,0
813,54,0
813,84,0
814,1,0
814,58,0
814,69,0
815,1,0
815,58,0
815,90,0
815,52,0
815,38,0
815,37,0
815,84,0
815,86,0
815,17,0
815,98,0
815,59,0
816,63,0
816,14,0
816,30,0
817,48,0
817,87,0
817,74,0
817,79,0
817,20,0
817,93,0
817,31,0
817,32,0
817,12,0
817,23,0
817,71,0
818,65,0
818,41,0
818,15,0
818,12,0
818,66,0
819,95,0
819,87,0
819,1,0
819,45,0
819,35,0
819,17,0
820,10,0
820,13,0
820,84,0
820,22,0
820,49,0
820,18,0
820,46,0
820,100,0
821,66,0
821,77,0
821,36,0
821,51,0
821,52,0
821,91,0
821,64,0
821,40,0
822,42,0
822,44,0
822,4,0
823,41,0
823,85,0
823,9,0
823,73,0
823,35,0
824,17,0
824,44,0
824,36,0
825,82,0
825,41,0
825,86,0
826,69,0
826,47,0
826,95,0
827,9,0
827,11,0
827,47,0
828,74,0
828,34,0
828,58,0
829,48,0
829,96,0
829,2,0
830,55,0
830,48,0
830,28,0
831,22,0
831,44,0
831,39,0
831,84,0
831,20,0
831,98,0
831,65,0
831,72,0
831,3,0
831,30,0
832,54,0
832,1,0
832,22,0
832,73,0
833,95,0
833,90,0
833,96,0
834,38,0
834,100,0
834,72,0
834,4,0
835,59,0
835,77,0
835,55,0
836,82,0
836,71,0
836,58,0
836,86,0
836,26,0
836,27,0
836,98,0
836,45,0
837,13,0
837,67,0
837,71,0
838,51,0
838,12,0
838,11,0
839,77,0
839,58,0
839,56,0
840,5,0
840,21,0
840,67,0
840,55,0
840,93,0
841,84,0
841,45,0
841,32,0
841,47,0
841,90,0
842,10,0
842,71,0
842,75,0
843,46,0
843,60,0
843,80,0
843,14,0
843,85,0
843,57,0
843,21,0
844,67,0
844,52,0
844,72,0
845,82,0
845,31,0
845,72,0
845,91,0
845,46,0
845,45,0
846,45,0
846,14,0
846,4,0
846,100,0
846,86,0
847,32,0
847,33,0
847,52,0
847,55,0
847,57,0
848,65,0
848,70,0
848,1,0
848,34,0
848,85,0
849,12,0
849,23,0
849,94,0
849,63,0
849,99,0
850,64,0
850,90,0
850,36,0
850,56,0
850,2,0
850,6,0
851,16,0
851,12,0
851,47,0
852,54,0
852,31,0
852,81,0
853,95,0
853,9,0
853,4,0
853,94,0
853,66,0
853,35,0
854,44,0
854,59,0
854,90,0
854,78,0
854,83,0
854,25,0
855,88,0
855,29,0
855,67,0
856,19,0
856,33,0
856,3,0
856,14,0
857,63,0
857,52,0
857,50,0
857,75,0
857,51,0
857,36,0
857,71,0
857,34,0
857,56,0
857,12,0
857,43,0
857,79,0
857,14,0
857,4,0
857,15,0
857,39,0
857,41,0
858,74,0
858,57,0
858,84,0
858,14,0
858,59,0
858,85,0
858,26,0
858,95,0
858,2,0
858,36,0
859,13,0
859,99,0
859,9,0
860,57,0
860,42,0
860,1,0
861,25,0
861,10,0
861,82,0
861,1,0
861,94,0
861,53,0
861,92,0
861,14,0
861,62,0
861,29,0
861,44,0
861,90,0
861,45,0
861,86,0
862,79,0
862,63,0
862,16,0
862,62,0
862,57,0
862,21,0
862,15,0
862,55,0
863,37,0
863,8,0
863,11,0
864,23,0
864,42,0
864,73,0
865,33,0
865,47,0
865,35,0
866,97,0
866,61,0
866,18,0
867,96,0
867,87,0
867,4,0
868,77,0
868,97,0
868,25,0
868,64,0
869,74,0
869,45,0
869,55,0
870,93,0
870,69,0
870,77,0
871,72,0
871,26,0
871,64,0
872,3,0
872,14,0
872,40,0
872,71,0
873,97,0
873,87,0
873,6,0
874,22,0
874,64,0
874,4,0
874,97,0
874,88,0
874,31,0
874,51,0
874,36,0
874,92,0
874,52,0
875,90,0
875,61,0
875,51,0
875,9,0
875,95,0
875,81,0
875,6,0
875,47,0
876,64,0
876,23,0
876,25,0
877,64,0
877,45,0
877,40,0
877,26,0
878,40,0
878,61,0
878,62,0
879,88,0
879,8,0
879,16,0
880,56,0
880,85,0
880,2,0
880,63,0
880,38,0
880,69,0
881,92,0
881,80,0
881,28,0
881,44,0
881,66,0
881,67,0
881,25,0
881,74,0
881,63,0
881,93,0
882,35,0
882,58,0
882,77,0
883,92,0
883,88,0
883,52,0
883,42,0
884,11,0
884,37,0
884,39,0
884,34,0
884,46,0
884,3,0
884,29,0
884,23,0
885,16,0
885,20,0
885,34,0
885,82,0
885,66,0
885,83,0
886,73,0
886,15,0
886,98,0
887,21,0
887,63,0
887,34,0
888,88,0
888,43,0
888,65,0
889,47,0
889,77,0
889,49,0
889,42,0
890,87,0
890,70,0
890,20,0
891,28,0
891,59,0
891,90,0
891,24,0
891,3,0
891,34,0
891,15,0
891,56,0
891,65,0
891,76,0
892,89,0
892,35,0
892,22,0
893,68,0
893,41,0
893,3,0
893,38,0
893,76,0
893,8,0
893,2,0
893,50,0
893,51,0
894,68,0
894,91,0
894,64,0
895,17,0
895,35,0
895,4,0
895,66,0
895,72,0
895,28,0
896,28,0
896,81,0
896,7,0
896,4,0
896,87,0
896,74,0
896,24,0
896,61,0
896,30,0
896,67,0
896,42,0
896,20,0
896,72,0
896,77,0
897,41,0
897,64,0
897,4,0
897,19,0
897,92,0
897,52,0
898,21,0
898,9,0
898,70,0
899,63,0
899,10,0
899,47,0
899,58,0
900,93,0
900,16,0
900,62,0
901,52,0
901,30,0
901,78,0
901,57,0
901,69,0
902,84,0
902,77,0
902,6,0
902,29,0
903,68,0
903,36,0
903,31,0
904,53,0
904,69,0
904,22,0
904,21,0
905,66,0
905,84,0
905,25,0
906,53,0
906,75,0
906,10,0
906,76,0
906,44,0
906,57,0
906,14,0
907,27,0
907,2,0
907,7,0
908,4,0
908,81,0
908,48,0
909,33,0
909,11,0
909,42,0
909,71,0
909,77,0
909,52,0
909,75,0
909,88,0
909,63,0
909,40,0
909,67,0
910,70,0
910,59,0
910,41,0
910,83,0
910,69,0
910,95,0
910,27,0
911,88,0
911,25,0
911,97,0
911,13,0
911,70,0
911,84,0
911,32,0
911,86,0
911,80,0
911,3,0
911,96,0
912,12,0
912,42,0
912,91,0
913,82,0
913,20,0
913,1,0
914,27,0
914,90,0
914,53,0
914,13,0
915,49,0
915,90,0
915,24,0
915,19,0
915,65,0
915,61,0
915,76,0
915,37,0
915,30,0
916,9,0
916,2,0
916,76,0
916,65,0
916,17,0
916,8,0
916,38,0
916,67,0
916,15,0
916,53,0
916,13,0
916,25,0
916,32,0
917,23,0
917,72,0
917,71,0
917,88,0
918,48,0
918,62,0
918,83,0
919,48,0
919,70,0
919,96,0
920,98,0
920,53,0
920,61,0
920,14,0
921,45,0
921,21,0
921,83,0
921,56,0
921,84,0
922,91,0
922,2,0
922,22,0
922,86,0
923,54,0
923,79,0
923,68,0
923,6,0
923,27,0
923,18,0
923,83,0
924,93,0
924,27,0
924,73,0
924,96,0
924,94,0
924,98,0
924,53,0
925,23,0
925,74,0
925,3,0
926,27,0
926,59,0
926,37,0
926,9,0
926,21,0
927,27,0
927,93,0
927,76,0
928,10,0
928,85,0
928,57,0
929,49,0
929,63,0
929,28,0
930,44,0
930,6,0
930,88,0
931,17,0
931,89,0
931,2,0
931,92,0
931,36,0
931,64,0
932,89,0
932,100,0
932,29,0
932,3,0
932,13,0
932,76,0
932,17,0
932,34,0
932,74,0
932,87,0
932,4,0
932,58,0
932,36,0
932,66,0
933,23,0
933,36,0
933,13,0
933,71,0
933,28,0
933,83,0
933,46,0
933,54,0
933,60,0
933,19,0
933,4,0
934,88,0
934,9,0
934,83,0
935,14,0
935,35,0
935,91,0
935,62,0
935,29,0
935,94,0
936,18,0
936,60,0
936,23,0
936,7,0
936,67,0
936,74,0
936,48,0
937,2,0
937,79,0
937,4,0
938,47,0
938,10,0
938,60,0
939,85,0
939,70,0
939,76,0
939,65,0
940,17,0
940,3,0
940,53,0
940,69,0
940,54,0
941,53,0
941,36,0
941,31,0
941,81,0
942,35,0
942,9,0
942,99,0
942,48,0
942,21,0
942,32,0
943,67,0
943,99,0
943,24,0
944,8,0
944,18,0
944,74,0
945,9,0
945,51,0
945,92,0
945,98,0
946,14,0
946,47,0
946,9,0
947,63,0
947,57,0
947,97,0
948,32,0
948,86,0
948,37,0
948,27,0
948,88,0
949,81,0
949,54,0
949,37,0
950,68,0
950,85,0
950,38,0
950,81,0
950,56,0
950,43,0
950,84,0
950,1,0
950,28,0
950,31,0
951,35,0
951,50,0
951,65,0
951,100,0
951,90,0
952,14,0
952,42,0
952,89,0
952,18,0
952,58,0
953,52,0
953,45,0
953,5,0
953,80,0
953,51,0
954,5,0
954,59,0
954,47,0
954,89,0
954,65,0
955,78,0
955,86,0
955,26,0
955,97,0
955,90,0
955,80,0
955,83,0
956,30,0
956,17,0
956,23,0
956,76,0
956,80,0
956,16,0
957,93,0
957,82,0
957,44,0
957,89,0
957,63,0
957,49,0
957,31,0
958,33,0
958,28,0
958,32,0
958,77,0
958,75,0
958,99,0
959,23,0
959,32,0
959,53,0
959,29,0
960,56,0
960,16,0
960,78,0
961,57,0
961,92,0
961,86,0
962,83,0
962,8,0
962,51,0
963,65,0
963,61,0
963,69,0
964,83,0
964,11,0
964,71,0
964,60,0
964,87,0
964,9,0
964,53,0
965,84,0
965,75,0
965,73,0
966,35,0
966,84,0
966,12,0
966,8,0
966,43,0
966,44,0
966,49,0
967,87,0
967,22,0
967,34,0
967,17,0
967,58,0
967,36,0
967,5,0
967,82,0
967,84,0
967,57,0
968,97,0
968,66,0
968,38,0
968,23,0
968,82,0
969,98,0
969,59,0
969,86,0
970,57,0
970,44,0
970,52,0
970,40,0
970,72,0
970,54,0
970,96,0
971,34,0
971,29,0
971,53,0
971,36,0
971,69,0
972,30,0
972,49,0
972,11,0
972,60,0
972,41,0
972,77,0
972,2,0
973,66,0
973,81,0
973,62,0
973,89,0
973,2,0
973,8,0
973,20,0
974,68,0
974,72,0
974,22,0
974,15,0
974,51,0
975,97,0
975,42,0
975,32,0
975,31,0
975,34,0
975,38,0
976,99,0
976,15,0
976,1,0
976,22,0
976,23,0
976,5,0
977,73,0
977,18,0
977,10,0
977,53,0
978,74,0
978,18,0
978,20,0
978,68,0
979,79,0
979,25,0
979,59,0
979,1,0
980,77,0
980,94,0
980,80,0
980,63,0
980,23,0
980,54,0
980,32,0
981,73,0
981,26,0
981,29,0
981,86,0
981,7,0
981,2,0
981,20,0
981,27,0
982,89,0
982,42,0
982,21,0
982,16,0
982,19,0
982,35,0
982,2,0
982,6,0
982,50,0
983,17,0
983,35,0
983,13,0
983,62,0
983,39,0
984,52,0
984,6,0
984,3,0
985,76,0
985,88,0
985,66,0
986,21,0
986,33,0
986,59,0
987,78,0
987,4,0
987,82,0
987,22,0
987,76,0
987,2,0
987,95,0
988,52,0
988,75,0
988,91,0
989,3,0
989,35,0
989,41,0
990,72,0
990,24,0
990,3,0
990,82,0
990,22,0
990,100,0
990,99,0
990,56,0
990,93,0
990,80,0
991,71,0
991,22,0
991,88,0
991,80,0
991,63,0
992,95,0
992,43,0
992,28,0
993,25,0
993,90,0
993,63,0
993,38,0
993,41,0
993,29,0
993,57,0
993,35,0
993,7,0
993,10,0
993,96,0
993,24,0
993,50,0
993,70,0
994,79,0
994,5,0
994,69,0
995,38,0
995,26,0
995,19,0
995,83,0
995,2,0
996,43,0
996,80,0
996,30,0
997,34,0
997,67,0
997,31,0
997,98,0
997,99,0
997,69,0
998,23,0
998,58,0
998,78,0
999,81,0
999,41,0
999,99,0
1000,39,0
1000,44,0
1000,58,0
1000,31,0
1000,34,0
1000,86,0
1000,72,0
1000,95,0
